{
  "participants": 10,
  "avg_before_human": 2.5,
  "avg_after_human": 3.68,
  "avg_before_auto": 0.5538320209973754,
  "avg_after_auto": 0.5879757217847769,
  "before_phs": 1.3670426065162904,
  "after_phs": 1.2195954739484152,
  "before_rd": 0.5973684210526315,
  "after_rd": 0.2447103402691638,
  "before_rr": 0.03125,
  "after_rr": 0.06070084764175919,
  "participant_scores": {
    "P01": {
      "before": [
        2,
        3,
        2,
        3,
        2,
        3,
        2,
        3,
        2,
        3
      ],
      "after": [
        4,
        3,
        4,
        4,
        3,
        4,
        3,
        4,
        4,
        3
      ]
    },
    "P02": {
      "before": [
        3,
        2,
        3,
        2,
        3,
        2,
        3,
        2,
        3,
        2
      ],
      "after": [
        4,
        4,
        3,
        4,
        4,
        3,
        4,
        4,
        3,
        4
      ]
    },
    "P03": {
      "before": [
        2,
        2,
        3,
        3,
        2,
        2,
        3,
        2,
        3,
        2
      ],
      "after": [
        3,
        4,
        4,
        3,
        4,
        4,
        3,
        4,
        4,
        4
      ]
    },
    "P04": {
      "before": [
        3,
        3,
        2,
        2,
        3,
        3,
        2,
        3,
        2,
        3
      ],
      "after": [
        4,
        3,
        4,
        4,
        3,
        4,
        4,
        3,
        4,
        4
      ]
    },
    "P05": {
      "before": [
        2,
        3,
        2,
        3,
        2,
        3,
        3,
        2,
        2,
        3
      ],
      "after": [
        4,
        4,
        3,
        4,
        4,
        3,
        4,
        4,
        3,
        4
      ]
    },
    "P06": {
      "before": [
        3,
        2,
        3,
        2,
        3,
        2,
        2,
        3,
        3,
        2
      ],
      "after": [
        3,
        4,
        4,
        3,
        4,
        4,
        3,
        4,
        4,
        3
      ]
    },
    "P07": {
      "before": [
        2,
        3,
        2,
        3,
        2,
        3,
        2,
        2,
        3,
        3
      ],
      "after": [
        4,
        3,
        4,
        4,
        3,
        4,
        4,
        3,
        4,
        4
      ]
    },
    "P08": {
      "before": [
        3,
        2,
        3,
        2,
        2,
        3,
        3,
        3,
        2,
        2
      ],
      "after": [
        4,
        4,
        3,
        4,
        4,
        3,
        4,
        4,
        4,
        3
      ]
    },
    "P09": {
      "before": [
        2,
        3,
        3,
        2,
        3,
        2,
        2,
        3,
        3,
        2
      ],
      "after": [
        3,
        4,
        4,
        4,
        3,
        4,
        4,
        3,
        4,
        4
      ]
    },
    "P10": {
      "before": [
        3,
        2,
        2,
        3,
        2,
        3,
        3,
        2,
        2,
        3
      ],
      "after": [
        4,
        4,
        4,
        3,
        4,
        4,
        3,
        4,
        3,
        4
      ]
    }
  }
}