{
  "random": {
    "perplexity": 91.0,
    "phs": 0.3,
    "rhythm_div": 0.06666666666666667,
    "rep_ratio": 0.0,
    "human_score": 1.1
  },
  "markov": {
    "perplexity": 2.059352261610418,
    "phs": 1.2266666666666666,
    "rhythm_div": 0.06666666666666667,
    "rep_ratio": 0.06666666666666667,
    "human_score": 2.3
  }
}