{
  "train_loss": 0.27459298270910526,
  "val_loss": 0.3970322691731983,
  "test_loss": 0.4049249142408371,
  "phs": 0.27563140836422884,
  "rhythm_div": 0.25896107457435,
  "rep_ratio": 0.0,
  "human_score": 3.38
}