{
  "train_loss": 0.6227813319907547,
  "val_loss": 0.6601300040880839,
  "test_loss": 0.6560028382376129,
  "recon_loss": 0.5573927328447114,
  "kl_loss": 0.06538859859607014,
  "phs": 0.7,
  "rhythm_div": 0.5180555555555556,
  "rep_ratio": 0.0,
  "human_score": 3.46
}